date,tmax
2025-01-01,27.3
2025-01-02,27.6
2025-01-03,27.7
2025-01-04,28.5
2025-01-05,27.9
2025-01-06,27.7
2025-01-07,27.8
2025-01-08,26.1
2025-01-09,27.1
2025-01-10,27.4
2025-01-11,27.6
2025-01-12,27.8
2025-01-13,28.4
2025-01-14,29.3
2025-01-15,28.9
2025-01-16,28.1
2025-01-17,27.0
2025-01-18,28.6
2025-01-19,28.9
2025-01-20,29.0
2025-01-21,29.5
2025-01-22,30.1
2025-01-23,30.6
2025-01-24,30.3
2025-01-25,30.3
2025-01-26,30.5
2025-01-27,29.8
2025-01-28,30.8
2025-01-29,31.0
2025-01-30,31.9
2025-01-31,32.6
2025-02-01,33.2
2025-02-02,32.9
2025-02-03,33.4
2025-02-04,33.8
2025-02-05,33.1
2025-02-06,33.3
2025-02-07,32.5
2025-02-08,32.9
2025-02-09,33.4
2025-02-10,33.7
2025-02-11,33.9
2025-02-12,34.4
2025-02-13,32.2
2025-02-14,31.5
2025-02-15,32.8
2025-02-16,33.8
2025-02-17,34.4
2025-02-18,34.9
2025-02-19,34.8
2025-02-20,34.4
2025-02-21,35.4
2025-02-22,34.6
2025-02-23,33.9
2025-02-24,34.3
2025-02-25,33.7
2025-02-26,34.4
2025-02-27,34.7
2025-02-28,35.6
2025-03-01,35.9
2025-03-02,36.3
2025-03-03,37.1
2025-03-04,37.6
2025-03-05,34.5
2025-03-06,33.0
2025-03-07,34.6
2025-03-08,36.0
2025-03-09,36.8
2025-03-10,36.4
2025-03-11,37.3
2025-03-12,37.7
2025-03-13,39.2
2025-03-14,38.9
2025-03-15,39.5
2025-03-16,39.1
2025-03-17,39.0
2025-03-18,39.0
2025-03-19,38.8
2025-03-20,37.4
2025-03-21,35.7
2025-03-22,35.7
2025-03-23,35.2
2025-03-24,36.5
2025-03-25,36.6
2025-03-26,37.6
2025-03-27,38.5
2025-03-28,39.7
2025-03-29,40.3
2025-03-30,40.8
2025-03-31,39.4
2025-04-01,37.8
2025-04-02,35.5
2025-04-03,33.7
2025-04-04,35.1
2025-04-05,38.5
2025-04-06,40.3
2025-04-07,39.5
2025-04-08,38.0
2025-04-09,38.9
2025-04-10,38.8
2025-04-11,39.6
2025-04-12,40.1
2025-04-13,39.0
2025-04-14,38.6
2025-04-15,38.9
2025-04-16,38.9
2025-04-17,39.5
2025-04-18,40.2
2025-04-19,41.4
2025-04-20,41.6
2025-04-21,41.7
2025-04-22,42.7
2025-04-23,42.9
2025-04-24,42.7
2025-04-25,42.7
2025-04-26,41.6
2025-04-27,37.3
2025-04-28,39.7
2025-04-29,40.3
2025-04-30,41.2
2025-05-01,39.8
2025-05-02,39.3
2025-05-03,40.3
2025-05-04,39.0
2025-05-05,38.7
2025-05-06,37.9
2025-05-07,37.9
2025-05-08,37.8
2025-05-09,38.0
2025-05-10,39.4
2025-05-11,40.3
2025-05-12,40.7
2025-05-13,38.4
2025-05-14,40.5
2025-05-15,39.1
2025-05-16,40.2
2025-05-17,38.2
2025-05-18,38.8
2025-05-19,39.6
2025-05-20,40.1
2025-05-21,39.6
2025-05-22,32.6
2025-05-23,34.4
2025-05-24,35.5
2025-05-25,36.1
2025-05-26,37.0
2025-05-27,37.0
2025-05-28,34.5
2025-05-29,35.9
2025-05-30,34.9
2025-05-31,38.0
2025-06-01,37.8
2025-06-02,36.7
2025-06-03,37.0
2025-06-04,37.4
2025-06-05,37.1
2025-06-06,38.9
2025-06-07,39.4
2025-06-08,40.4
2025-06-09,40.3
2025-06-10,40.0
2025-06-11,36.4
2025-06-12,35.5
2025-06-13,35.9
2025-06-14,36.6
2025-06-15,36.5
2025-06-16,36.1
2025-06-17,34.7
2025-06-18,35.6
2025-06-19,33.7
2025-06-20,34.5
2025-06-21,35.4
2025-06-22,34.6
2025-06-23,33.1
2025-06-24,32.9
2025-06-25,30.6
2025-06-26,31.3
2025-06-27,32.3
2025-06-28,33.2
2025-06-29,30.4
2025-06-30,27.6
2025-07-01,27.3
2025-07-02,30.0
2025-07-03,27.5
2025-07-04,29.4
2025-07-05,32.8
2025-07-06,28.7
2025-07-07,26.8
2025-07-08,24.7
2025-07-09,26.1
2025-07-10,29.8
2025-07-11,33.4
2025-07-12,33.6
2025-07-13,32.8
2025-07-14,33.0
2025-07-15,33.2
2025-07-16,33.0
2025-07-17,32.0
2025-07-18,32.3
2025-07-19,33.3
2025-07-20,32.0
2025-07-21,32.2
2025-07-22,32.1
2025-07-23,30.2
2025-07-24,26.4
2025-07-25,27.2
2025-07-26,25.8
2025-07-27,30.9
2025-07-28,30.8
2025-07-29,28.8
2025-07-30,30.5
2025-07-31,32.4
2025-08-01,32.1
2025-08-02,32.9
2025-08-03,32.5
2025-08-04,33.1
2025-08-05,33.6
2025-08-06,32.1
2025-08-07,29.3
2025-08-08,29.9
2025-08-09,30.8
2025-08-10,31.6
2025-08-11,31.4
2025-08-12,31.7
2025-08-13,29.6
2025-08-14,30.8
2025-08-15,30.6
2025-08-16,31.4
2025-08-17,32.1
2025-08-18,30.6
2025-08-19,28.5
2025-08-20,30.0
2025-08-21,31.4
2025-08-22,29.6
2025-08-23,30.0
2025-08-24,28.2
2025-08-25,30.6
2025-08-26,29.5
2025-08-27,30.2
2025-08-28,29.6
2025-08-29,30.8
2025-08-30,30.5
2025-08-31,31.1
2025-09-01,28.5
2025-09-02,28.4
2025-09-03,27.6
2025-09-04,28.8
2025-09-05,31.5
2025-09-06,30.9
2025-09-07,30.3
2025-09-08,30.9
2025-09-09,31.1
2025-09-10,31.1
2025-09-11,30.7
2025-09-12,30.2
2025-09-13,30.5
2025-09-14,30.9
2025-09-15,30.1
2025-09-16,27.9
2025-09-17,30.4
2025-09-18,31.2
2025-09-19,32.2
2025-09-20,32.8
2025-09-21,31.9
2025-09-22,31.7
2025-09-23,32.5
2025-09-24,30.6
2025-09-25,28.4
2025-09-26,30.2
2025-09-27,27.3
2025-09-28,30.1
2025-09-29,30.5
2025-09-30,31.1
2025-10-01,31.9
2025-10-02,30.9
2025-10-03,30.9
2025-10-04,30.1
2025-10-05,30.1
2025-10-06,29.3
2025-10-07,30.9
2025-10-08,31.4
2025-10-09,31.2
2025-10-10,30.4
2025-10-11,30.3
2025-10-12,30.3
2025-10-13,30.1
2025-10-14,30.8
2025-10-15,31.8
2025-10-16,32.6
2025-10-17,31.8
2025-10-18,31.7
2025-10-19,31.7
2025-10-20,31.2
2025-10-21,32.1
2025-10-22,32.8
2025-10-23,33.2
2025-10-24,30.2
2025-10-25,29.9
2025-10-26,30.1
2025-10-27,31.7
2025-10-28,29.7
2025-10-29,30.7
2025-10-30,29.8
2025-10-31,29.9
2025-11-01,31.0
2025-11-02,31.1
2025-11-03,30.9
2025-11-04,31.1
2025-11-05,30.4
2025-11-06,30.3
2025-11-07,30.6
2025-11-08,29.4
2025-11-09,27.9
2025-11-10,27.9
2025-11-11,28.1
2025-11-12,28.4
2025-11-13,28.4
2025-11-14,28.2
2025-11-15,28.2
2025-11-16,27.7
2025-11-17,26.9
2025-11-18,27.2
2025-11-19,27.5
2025-11-20,28.1
2025-11-21,29.5
2025-11-22,29.7
2025-11-23,29.8
2025-11-24,30.4
2025-11-25,30.0
2025-11-26,30.0
2025-11-27,28.8
2025-11-28,26.7
2025-11-29,27.3
2025-11-30,27.3
2025-12-01,28.2
2025-12-02,28.3
2025-12-03,28.0
2025-12-04,27.8
2025-12-05,27.4
2025-12-06,27.0
2025-12-07,27.6
2025-12-08,27.7
2025-12-09,28.2
2025-12-10,28.0
