tmax,anomaly
27.3,0.0
27.6,0.14999999999999858
27.7,0.16666666666666785
28.5,0.7250000000000014
27.9,0.09999999999999787
27.7,-0.08333333333333215
27.8,0.014285714285716011
26.1,-1.514285714285709
27.1,-0.44285714285714306
27.4,-0.10000000000000142
27.6,0.22857142857142776
27.8,0.44285714285714306
28.4,0.9428571428571395
29.3,1.62857142857143
28.9,0.8285714285714256
28.1,-0.11428571428571388
27.0,-1.157142857142862
28.6,0.3000000000000007
28.9,0.44285714285714306
29.0,0.4571428571428555
29.5,0.928571428571427
30.1,1.3571428571428577
30.6,1.5
30.3,0.7285714285714278
30.3,0.48571428571428754
30.5,0.4571428571428555
29.8,-0.3571428571428612
30.8,0.45714285714285197
31.0,0.5285714285714285
31.9,1.2428571428571438
32.6,1.6142857142857174
33.2,1.8000000000000007
32.9,1.1571428571428548
33.4,1.1428571428571388
33.8,1.1142857142857139
33.1,0.11428571428571388
33.3,0.11428571428570677
32.5,-0.6714285714285708
32.9,-0.22857142857142776
33.4,0.20000000000000284
33.7,0.4571428571428555
33.9,0.6428571428571388
34.4,0.9571428571428555
32.2,-1.0857142857142819
31.5,-1.642857142857146
32.8,-0.3285714285714292
33.8,0.6142857142857068
34.4,1.1142857142857139
34.9,1.471428571428568
34.8,1.3142857142857096
34.4,0.6000000000000014
35.4,1.0428571428571445
34.6,-0.014285714285712459
33.9,-0.7285714285714278
34.3,-0.3142857142857167
33.7,-0.7428571428571402
34.4,0.014285714285712459
34.7,0.27142857142857224
35.6,1.1428571428571388
35.9,1.2571428571428527
36.3,1.3142857142857096
37.1,1.7142857142857153
37.6,1.6571428571428584
34.5,-1.4571428571428555
33.0,-2.7142857142857153
34.6,-0.971428571428568
36.0,0.41428571428571104
36.8,1.1428571428571388
36.4,0.8428571428571416
37.3,1.7857142857142776
37.7,1.7285714285714278
39.2,2.3428571428571487
38.9,1.4285714285714235
39.5,1.528571428571425
39.1,0.7999999999999972
39.0,0.3285714285714292
39.0,0.08571428571428896
38.8,-0.27142857142857224
37.4,-1.414285714285711
35.7,-2.6571428571428513
35.7,-2.1142857142857068
35.2,-2.057142857142857
36.5,-0.3999999999999986
36.6,0.04285714285714448
37.6,1.2142857142857153
38.5,1.9571428571428555
39.7,2.585714285714289
40.3,2.528571428571432
40.8,2.2285714285714278
39.4,0.41428571428571814
37.8,-1.357142857142854
35.5,-3.357142857142854
33.7,-4.471428571428568
35.1,-2.414285714285718
38.5,1.2428571428571402
40.3,3.1142857142857068
39.5,2.3000000000000043
38.0,0.7714285714285793
38.9,1.1857142857142833
38.8,0.3571428571428541
39.6,0.5142857142857125
40.1,0.7857142857142918
39.0,-0.12857142857142634
38.6,-0.3999999999999986
38.9,-0.22857142857142776
38.9,-0.22857142857143486
39.5,0.27142857142856514
40.2,0.8857142857142932
41.4,1.8999999999999986
41.6,1.7285714285714349
41.7,1.3857142857142932
42.7,1.8428571428571487
42.9,1.471428571428568
42.7,0.8142857142857096
42.7,0.4571428571428626
41.6,-0.6714285714285779
37.3,-4.357142857142861
39.7,-1.6714285714285708
40.3,-0.7285714285714278
41.2,0.41428571428571814
39.8,-0.5714285714285765
39.3,-0.585714285714289
40.3,0.6000000000000014
39.0,-0.9428571428571431
38.7,-1.0999999999999943
37.9,-1.557142857142857
37.9,-1.0857142857142819
37.8,-0.8999999999999986
38.0,-0.5142857142857125
39.4,1.0142857142857125
40.3,1.7285714285714278
40.7,1.8428571428571487
38.4,-0.528571428571432
40.5,1.1999999999999957
39.1,-0.385714285714279
40.2,0.3999999999999986
38.2,-1.4285714285714306
38.8,-0.6142857142857139
39.6,0.34285714285714164
40.1,0.6000000000000014
39.6,0.22857142857142776
32.6,-5.842857142857142
34.4,-3.2142857142857153
35.5,-1.7285714285714349
36.1,-0.7428571428571402
37.0,0.5285714285714249
37.0,0.9714285714285751
34.5,-0.7999999999999972
35.9,0.12857142857142634
34.9,-0.9428571428571431
38.0,1.8000000000000043
37.8,1.357142857142854
36.7,0.30000000000000426
37.0,0.6000000000000014
37.4,0.585714285714289
37.1,0.11428571428572099
38.9,1.3428571428571345
39.4,1.6428571428571388
40.4,2.2714285714285722
40.3,1.6571428571428513
40.0,0.9285714285714306
36.4,-2.528571428571432
35.5,-3.1999999999999957
35.9,-2.3714285714285666
36.6,-1.2714285714285722
36.5,-0.8142857142857096
36.1,-0.6142857142857139
34.7,-1.2571428571428598
35.6,-0.24285714285714022
33.7,-1.8857142857142861
34.5,-0.8857142857142861
35.4,0.18571428571428328
34.6,-0.34285714285714164
33.1,-1.4142857142857181
32.9,-1.3571428571428612
30.6,-2.942857142857143
31.3,-1.9000000000000021
32.3,-0.585714285714289
33.2,0.6285714285714334
30.4,-1.5714285714285694
27.6,-3.5857142857142854
27.3,-3.085714285714289
30.0,-0.3000000000000007
27.5,-2.25714285714286
29.4,0.05714285714285339
32.8,3.5142857142857125
28.7,-0.3428571428571452
26.8,-2.1285714285714263
24.7,-3.8571428571428577
26.1,-1.8999999999999986
29.8,1.4714285714285715
33.4,4.4999999999999964
33.6,4.585714285714289
32.8,3.1999999999999993
33.0,2.514285714285716
33.2,1.5000000000000036
33.0,0.3142857142857096
32.0,-1.0
32.3,-0.5428571428571445
33.3,0.5
32.0,-0.6857142857142904
32.2,-0.37142857142856656
32.1,-0.3142857142857096
30.2,-1.8142857142857132
26.4,-4.814285714285717
27.2,-3.2857142857142883
25.8,-3.614285714285714
30.9,1.6428571428571423
30.8,1.7428571428571438
28.8,0.21428571428571175
30.5,1.87142857142857
32.4,2.9142857142857146
32.1,1.9142857142857146
32.9,1.7000000000000028
32.5,1.071428571428573
33.1,1.3428571428571416
33.6,1.1571428571428584
32.1,-0.5714285714285694
29.3,-2.928571428571434
29.9,-2.014285714285716
30.8,-0.8142857142857096
31.6,0.11428571428571033
31.4,0.15714285714285836
31.7,0.7285714285714278
29.6,-1.014285714285716
30.8,-0.02857142857142847
30.6,-0.3285714285714256
31.4,0.38571428571428257
32.1,1.014285714285716
30.6,-0.3714285714285701
28.5,-2.0142857142857125
30.0,-0.571428571428573
31.4,0.7428571428571438
29.6,-0.914285714285711
30.0,-0.31428571428571317
28.2,-1.557142857142857
30.6,0.8428571428571416
29.5,-0.40000000000000213
30.2,0.27142857142857224
29.6,-0.0714285714285694
30.8,0.9571428571428555
30.5,0.5857142857142854
31.1,0.7714285714285722
28.5,-1.5285714285714285
28.4,-1.4714285714285715
27.6,-1.8999999999999986
28.8,-0.585714285714289
31.5,2.0142857142857125
30.9,1.357142857142854
30.3,0.8714285714285737
30.9,1.1285714285714263
31.1,0.9428571428571466
31.1,0.4428571428571466
30.7,-0.22857142857142776
30.2,-0.5428571428571409
30.5,-0.18571428571428683
30.9,0.12857142857142634
30.1,-0.5571428571428534
27.9,-2.3000000000000007
30.4,0.29999999999999716
31.2,1.0285714285714285
32.2,1.7428571428571473
32.8,2.0142857142857125
31.9,0.9714285714285715
31.7,0.5428571428571445
32.5,0.6857142857142868
30.6,-1.2428571428571367
28.4,-3.0428571428571445
30.2,-0.957142857142852
27.3,-3.0714285714285694
30.1,-0.014285714285708906
30.5,0.5571428571428569
31.1,1.3571428571428612
31.9,1.9714285714285715
30.9,0.6142857142857139
30.9,0.5142857142857089
30.1,-0.6857142857142833
30.1,-0.6857142857142833
29.3,-1.3142857142857167
30.9,0.31428571428571317
31.4,0.8857142857142861
31.2,0.6428571428571423
30.4,-0.08571428571428541
30.3,-0.21428571428571175
30.3,-0.24285714285714377
30.1,-0.5571428571428534
30.8,0.15714285714285836
31.8,1.1000000000000014
32.6,1.6999999999999993
31.8,0.6999999999999993
31.7,0.399999999999995
31.7,0.1999999999999993
31.2,-0.4571428571428555
32.1,0.25714285714286333
32.8,0.8142857142857096
33.2,1.1285714285714334
30.2,-1.642857142857146
29.9,-1.6857142857142868
30.1,-1.2571428571428562
31.7,0.27142857142857224
29.7,-1.3857142857142861
30.7,-0.08571428571428541
29.8,-0.5000000000000036
29.9,-0.35714285714285765
31.0,0.585714285714289
31.1,0.5428571428571445
30.9,0.4571428571428555
31.1,0.45714285714285907
30.4,-0.1999999999999993
30.3,-0.3714285714285701
30.6,-0.17142857142857082
29.4,-1.142857142857146
27.9,-2.185714285714287
27.9,-1.7571428571428633
28.1,-1.1285714285714263
28.4,-0.542857142857148
28.4,-0.27142857142857224
28.2,-0.1285714285714299
28.2,0.04285714285714448
27.7,-0.42857142857142705
26.9,-1.085714285714289
27.2,-0.6571428571428584
27.5,-0.2285714285714313
28.1,0.4142857142857146
29.5,1.62857142857143
29.7,1.6142857142857139
29.8,1.414285714285711
30.4,1.514285714285716
30.0,0.7142857142857153
30.0,0.35714285714285765
28.8,-0.9428571428571395
26.7,-2.642857142857139
27.3,-1.6999999999999993
27.3,-1.3428571428571416
28.2,-0.1285714285714299
28.3,0.21428571428571175
28.0,0.19999999999999574
27.8,0.1428571428571459
27.4,-0.35714285714285765
27.0,-0.7142857142857153
27.6,-0.1571428571428548
27.7,0.014285714285712459
28.2,0.5285714285714285
28.0,0.3285714285714292
